order_id,order_date,customer_id,product,category,quantity,unit_price,region
1001,2026-01-05,C001,Laptop,Electronics,2,75000,South
1002,2026-01-06,C002,Mobile,Electronics,3,25000,South
1003,2026-01-07,C003,Headphones,Accessories,5,3000,West
1004,2026-01-08,C004,Monitor,Electronics,2,18000,North
1005,2026-01-09,C005,Keyboard,Accessories,4,2500,East
1006,2026-01-10,C006,Mouse,Accessories,6,1200,South
1007,2026-01-11,C007,Laptop,Electronics,1,80000,West
1008,2026-01-12,C008,Mobile,Electronics,2,28000,North
1009,2026-01-13,C009,Monitor,Electronics,3,20000,East
1010,2026-01-14,C010,Headphones,Accessories,4,3500,South
